{
  "version": 1,
  "author": "Gautam Ahuja",
  "editor": "wokwi",
  "parts": [
    { "type": "wokwi-esp32-devkit-v1", "id": "esp", "top": 177.71, "left": -190.16, "attrs": {} },
    {
      "type": "wokwi-membrane-keypad",
      "id": "keypad1",
      "top": -118.14,
      "left": -65.29,
      "attrs": {}
    }
  ],
  "connections": [
    [ "esp:TX0", "$serialMonitor:RX", "", [] ],
    [ "esp:RX0", "$serialMonitor:TX", "", [] ],
    [ "esp:D19", "keypad1:R1", "green", [ "h0" ] ],
    [ "esp:D18", "keypad1:R2", "#8f4814", [ "h0" ] ],
    [ "esp:D5", "keypad1:R3", "orange", [ "h0" ] ],
    [ "esp:TX2", "keypad1:R4", "gold", [ "h0" ] ],
    [ "esp:RX2", "keypad1:C1", "blue", [ "h0" ] ],
    [ "esp:D4", "keypad1:C2", "violet", [ "h0" ] ],
    [ "esp:D2", "keypad1:C3", "white", [ "h0" ] ],
    [ "esp:D15", "keypad1:C4", "black", [ "h0" ] ]
  ]
}